"","Country","Year","Debt","RGDP","GDP","dRGDP","GDPI","GDP1","GDP2","RGDP1","RGDP2","GDPI1","GDPI2","Infl","Debt1","Debt2","Debtalt","GDP2alt","GDPalt","RGDP2alt","debtgdp","GDP3","GNI","lRGDP","lRGDP1","lRGDP2"
"54","Australia",1999,82327,NA,NA,4.40172373425132,75.51377,NA,622932,406196,824925,NA,NA,1.465,NA,NA,NA,NA,NA,NA,13.2160492638041,NA,NA,NA,390635,790145
"55","Australia",2000,74370.11595,NA,NA,3.42612964814983,78.48657,NA,669638,414058,853188,NA,NA,4.475,NA,NA,NA,NA,NA,NA,11.1060178708496,NA,NA,NA,406196,824925
"56","Australia",2001,65712.40985,NA,NA,2.08934021575549,81.65081,NA,711190,429694,871014,NA,NA,4.381,NA,NA,NA,NA,NA,NA,9.23978259677442,NA,NA,NA,414058,853188
"57","Australia",2002,62461.83434,NA,NA,4.24734849267636,83.60688,NA,759158,443202,908009,NA,NA,3.003,NA,NA,NA,NA,NA,NA,8.22777792501693,NA,NA,NA,429694,871014
"58","Australia",2003,56924.98534,NA,NA,2.96593976491422,86.59272,NA,809590,461200,934940,NA,NA,2.771,NA,NA,NA,NA,NA,NA,7.0313350387233,NA,NA,NA,443202,908009
"59","Australia",2004,54538.1137,NA,NA,3.84227864889726,89.57381,NA,869639,472265,970863,NA,NA,2.344,NA,NA,NA,NA,NA,NA,6.27135095137178,NA,NA,NA,461200,934940
"60","Australia",2005,55014.02318,NA,NA,2.75919465465262,93.59034,NA,933705,486853,997651,NA,NA,2.669,NA,NA,NA,NA,NA,NA,5.89201334254395,NA,NA,NA,472265,970863
"61","Australia",2006,54058.32076,NA,NA,2.84037203390766,97.7068,NA,1002460,498771,1025988,NA,NA,3.538,NA,NA,NA,NA,NA,NA,5.39256636274764,NA,NA,NA,486853,997651
"62","Australia",2007,53252.85866,NA,NA,4.04878029762532,101.69195,NA,1085590,NA,1067528,NA,NA,2.332,NA,NA,NA,NA,NA,NA,4.90543010344605,NA,NA,NA,498771,1025988
"63","Australia",2008,55431.55837,NA,NA,2.35422396414895,108.44819,NA,1184970,NA,1092660,NA,NA,4.353,NA,NA,NA,NA,NA,NA,4.67788706633923,NA,NA,NA,NA,1067528
"64","Australia",2009,101136.25205,NA,NA,0.732249739168633,109.15168,NA,1201390,NA,1100661,NA,NA,1.629,NA,NA,NA,NA,NA,NA,8.41826984160015,NA,NA,NA,NA,1092660
"116","Austria",1999,NA,162410,NA,3.34,NA,2724240,197979,NA,NA,NA,NA,0.515,1623357.632,117974,NA,NA,NA,NA,59.5891483440163,NA,NA,157233,NA,NA
"117","Austria",2000,NA,167878,NA,3.651,NA,2855660,207529,NA,NA,NA,NA,1.959,1660950.772,120706,NA,NA,NA,NA,58.1634373991105,NA,NA,162410,NA,NA
"118","Austria",2001,NA,169244,NA,0.52,NA,2924040,212499,NA,NA,NA,NA,2.295,1670679.304,121413,NA,NA,NA,NA,57.1357982861096,NA,NA,167878,NA,NA
"119","Austria",2002,NA,170755,NA,1.647,NA,3011410,218848,NA,NA,NA,NA,1.7,1705630.466,123953,NA,NA,NA,NA,56.6388543646732,NA,NA,169244,NA,NA
"120","Austria",2003,NA,172763,NA,0.801,NA,3072710,223302,NA,NA,NA,NA,1.296,1745879.343,126878,NA,NA,NA,NA,56.8190163993157,NA,NA,170755,NA,NA
"121","Austria",2004,NA,176795,NA,2.545,NA,3203150,232782,NA,NA,NA,NA,1.95,1865222.425,135551,NA,NA,NA,NA,58.2308769578404,NA,NA,172763,NA,NA
"122","Austria",2005,NA,180461,NA,2.46,NA,3363750,243585,NA,NA,NA,NA,2.108,1944729.439,141329,NA,NA,NA,NA,58.0204035552271,NA,NA,176795,NA,NA
"123","Austria",2006,NA,186320,NA,3.46,NA,3540450,256162,NA,NA,NA,NA,1.686,1998889.98,145265,NA,NA,NA,NA,56.7082549324256,NA,NA,180461,NA,NA
"124","Austria",2007,NA,NA,NA,3.547,NA,3726800,270782,NA,NA,NA,NA,2.203,2027937.973,147376,NA,NA,NA,NA,54.4260696796685,NA,NA,186320,NA,NA
"125","Austria",2008,NA,NA,NA,2.048,NA,3884350,281868,NA,NA,NA,NA,3.223,2228769.551,161971,NA,NA,NA,NA,57.4634225949735,NA,NA,NA,NA,NA
"126","Austria",2009,NA,NA,NA,-3.824,NA,NA,272627,NA,NA,NA,NA,0.47,2332164.446,169485,NA,NA,NA,NA,62.167356864874,NA,NA,NA,NA,NA
"179","Belgium",1999,246755,NA,NA,3.37978897477853,NA,NA,238088,NA,274830,NA,NA,NA,NA,NA,NA,NA,NA,NA,103.64025066362,NA,NA,NA,NA,265845
"180","Belgium",2000,251061,NA,NA,3.7958010406433,NA,NA,251754,NA,285262,NA,NA,NA,NA,NA,NA,NA,NA,NA,99.7247312853023,NA,NA,NA,NA,274830
"181","Belgium",2001,257164,NA,NA,0.765261408810147,NA,NA,258893,NA,287445,NA,NA,NA,NA,NA,NA,NA,NA,NA,99.3321565279865,NA,NA,NA,NA,285262
"182","Belgium",2002,262753,NA,NA,1.49489467550314,NA,NA,267606,NA,291742,NA,NA,NA,NA,NA,NA,NA,NA,NA,98.1865130079296,NA,NA,NA,NA,287445
"183","Belgium",2003,263019,NA,NA,1.01322401299779,NA,NA,274738,NA,294698,NA,NA,NA,NA,NA,NA,NA,NA,NA,95.7344815788133,NA,NA,NA,NA,291742
"184","Belgium",2004,269780,NA,NA,2.78250955215169,NA,NA,288999,NA,302898,NA,NA,NA,NA,NA,NA,NA,NA,NA,93.3498039785605,NA,NA,NA,NA,294698
"185","Belgium",2005,277930,NA,NA,2.17036758248652,NA,NA,302620,NA,309472,NA,NA,NA,NA,NA,NA,NA,NA,NA,91.8412530566387,NA,NA,NA,NA,302898
"186","Belgium",2006,278600,NA,NA,3.0151354565195,NA,NA,318803,NA,318803,NA,NA,NA,NA,NA,NA,NA,NA,NA,87.3893909404868,NA,NA,NA,NA,309472
"187","Belgium",2007,285810,NA,NA,2.59878357480952,NA,NA,334902,NA,327088,NA,NA,NA,NA,NA,NA,NA,NA,NA,85.3413834494867,NA,NA,NA,NA,318803
"188","Belgium",2008,310830,NA,NA,0.969158147042992,NA,NA,343941,NA,330258,NA,NA,NA,NA,NA,NA,NA,NA,NA,90.3730581698605,NA,NA,NA,NA,327088
"189","Belgium",2009,324640,NA,NA,-3.18236045758165,NA,NA,336028,NA,319748,NA,NA,NA,NA,NA,NA,NA,NA,NA,96.6109967026557,NA,NA,NA,NA,330258
"243","Canada",1999,648389,NA,NA,2.02577059008238,NA,982.441,1240430,664604,1832542,NA,NA,1.744,NA,NA,NA,NA,NA,NA,52.2713091427973,NA,NA,NA,629755,1796156
"244","Canada",2000,648212,NA,NA,3.25356799462169,NA,1076.58,1481240,699382,1892165,NA,NA,2.738,NA,NA,NA,NA,NA,NA,43.7614431152278,NA,NA,NA,664604,1832542
"245","Canada",2001,644900,NA,NA,1.99015413560657,NA,1108.05,1536890,709074,1929822,NA,NA,2.507,NA,NA,NA,NA,NA,NA,41.9613635328488,NA,NA,NA,699382,1892165
"246","Canada",2002,640526,NA,NA,1.5020556300011,NA,1152.91,1532310,732692,1958809,NA,NA,2.276,NA,NA,NA,NA,NA,NA,41.8013326285151,NA,NA,NA,709074,1929822
"247","Canada",2003,629638,NA,NA,1.01352403424735,NA,1213.18,1593830,746491,1978662,NA,NA,2.742,NA,NA,NA,NA,NA,NA,39.5047150574403,NA,NA,NA,732692,1958809
"248","Canada",2004,628830,NA,NA,3.86412636417943,NA,1290.91,1743040,769405,2055120,NA,NA,1.841,NA,NA,NA,NA,NA,NA,36.0766247475675,NA,NA,NA,746491,1978662
"249","Canada",2005,626217,NA,NA,2.73920744287439,NA,1373.85,1945720,792964,2111414,NA,NA,2.23,NA,NA,NA,NA,NA,NA,32.1843327919742,NA,NA,NA,769405,2055120
"250","Canada",2006,619701,NA,NA,2.28088854199129,NA,1449.22,2159570,814835,2159573,NA,NA,2.018,NA,NA,NA,NA,NA,NA,28.6955736558667,NA,NA,NA,792964,2111414
"251","Canada",2007,618765,NA,NA,3.13409178573727,NA,1532.94,2277110,NA,2227256,NA,NA,2.123,NA,NA,NA,NA,NA,NA,27.1732590871763,NA,NA,NA,814835,2159573
"252","Canada",2008,594390,NA,NA,2.13213029844797,NA,1600.08,2548320,NA,2274744,NA,NA,2.385,NA,NA,NA,NA,NA,NA,23.3247786777171,NA,NA,NA,NA,2227256
"253","Canada",2009,719627,NA,NA,-1.90667609190309,NA,1523.67,2379940,NA,2231372,NA,NA,0.147,NA,NA,NA,NA,NA,NA,30.2371908535509,NA,NA,NA,NA,2274744
"299","Denmark",1999,NA,NA,NA,2.56044153523098,NA,NA,1213470,118399,1249.86,NA,NA,2.49,738600,708.3,NA,NA,NA,NA,60.8667705011249,NA,NA,NA,115447,1218.657
"300","Denmark",2000,NA,NA,NA,3.52871521610421,NA,NA,1293960,122628,1293.964,NA,NA,2.919,711200,715.6,NA,NA,NA,NA,54.9630591362948,NA,NA,NA,118399,1249.86
"301","Denmark",2001,NA,NA,NA,0.70488823491226,NA,NA,1335610,123502,1303.085,NA,NA,2.361,694800,697.3,NA,NA,NA,NA,52.0211738456585,NA,NA,NA,122628,1293.964
"302","Denmark",2002,NA,NA,NA,0.465817655793743,NA,NA,1372740,124062,1309.155,NA,NA,2.418,708600,719.4,NA,NA,NA,NA,51.6193889593077,NA,NA,NA,123502,1303.085
"303","Denmark",2003,NA,NA,NA,0.383758989577254,NA,NA,1400690,124543,1314.179,NA,NA,2.088,694900,767.713,NA,NA,NA,NA,49.6112630203685,NA,NA,NA,124062,1309.155
"304","Denmark",2004,NA,NA,NA,2.29649081289534,NA,NA,1466180,127175,1344.359,NA,NA,1.156,688500,812.123,NA,NA,NA,NA,46.9587635897366,NA,NA,NA,124543,1314.179
"305","Denmark",2005,NA,NA,NA,2.44518019368338,NA,NA,1545260,131082,1377.231,NA,NA,1.811,607160,886.254,NA,NA,NA,NA,39.291769669829,NA,NA,NA,127175,1344.359
"306","Denmark",2006,NA,NA,NA,3.34395609741576,NA,NA,1628630,135711,1423.285,NA,NA,1.9,534241,918.911,NA,NA,NA,NA,32.8030921694922,NA,NA,NA,131082,1377.231
"307","Denmark",2007,NA,NA,NA,1.64654303249172,NA,NA,1687890,NA,1446.72,NA,NA,1.712,470682,939.988,NA,NA,NA,NA,27.8858219433731,NA,NA,NA,135711,1423.285
"308","Denmark",2008,NA,NA,NA,-1.20182205264322,NA,NA,1734650,NA,1429.333,NA,NA,3.399,562601,966.197,NA,NA,NA,NA,32.4331133081601,NA,NA,NA,NA,1446.72
"309","Denmark",2009,NA,NA,NA,-2.43302295546245,NA,NA,1674260,NA,1394.557,NA,NA,1.68,631556,1029.953,NA,NA,NA,NA,37.7215008421631,NA,NA,NA,NA,1429.333
"363","Finland",1999,NA,NA,NA,3.92114760461486,NA,617553.25,122685.02,97261,125835,NA,NA,1.32,NA,68052,68052,122685,NA,125960,55.4688746841301,NA,NA,NA,93640,121087
"364","Finland",2000,NA,NA,NA,5.05662176659911,NA,677319.72,132198.06,102185,132198,NA,NA,2.95,NA,63236,63236,132198,NA,132272,47.8342874320546,NA,NA,NA,97261,125835
"365","Finland",2001,NA,NA,NA,2.70503335905232,NA,704580.9,139789.06,104880,135774,NA,NA,2.66,NA,61760,61760,139789,NA,135759,44.1808536376166,NA,NA,NA,102185,132198
"366","Finland",2002,NA,NA,NA,1.5732025277299,NA,143.97,143808.08,106570,137910,NA,NA,2,NA,59253,59253,143808,NA,137989,41.2028308840505,NA,NA,NA,104880,135774
"367","Finland",2003,NA,NA,NA,1.81060111667029,NA,145.94,145795.05,108490,140407,NA,NA,1.3,NA,63320,63320,145795,NA,140437,43.4308297846875,NA,NA,NA,106570,137910
"368","Finland",2004,NA,NA,NA,3.69639690328829,NA,151.94,152151.04,112500,145597,NA,NA,0.14,NA,63788,63788,152151,NA,145363,41.9241301275364,NA,NA,NA,108490,140407
"369","Finland",2005,NA,NA,NA,2.76791417405577,NA,157.38,157070.03,115800,149627,NA,NA,0.78,NA,60044,60044,157070,NA,149616,38.227534558948,NA,NA,NA,112500,145597
"370","Finland",2006,NA,NA,NA,4.92290829863593,NA,NA,167008.93,121580,156993,NA,NA,1.28,NA,58895,58895,167009,NA,NA,35.2645813610087,NA,NA,NA,115800,149627
"371","Finland",2007,NA,NA,NA,4.20273515379666,NA,NA,179658.34,NA,163591,NA,NA,1.58,NA,56068,56068,179659,NA,NA,31.2081253784266,NA,NA,NA,121580,156993
"372","Finland",2008,NA,NA,NA,1.04101081355332,NA,NA,184728,NA,165294,NA,NA,3.9,NA,54382,54382,184728,NA,NA,29.4389589017366,NA,NA,NA,NA,163591
"373","Finland",2009,NA,NA,NA,-6.35594758430433,NA,NA,176448,NA,154788,NA,NA,1,NA,58968,58968,176448,NA,NA,33.4194776931447,NA,NA,NA,NA,165294
"417","France",1999,NA,NA,NA,2.02577059008238,NA,8973260,1240430,NA,1832542,NA,NA,0.562,NA,804500,804500,1367966,NA,NA,64.856541683126,NA,NA,NA,NA,1796156
"418","France",2000,NA,NA,NA,3.25356799462169,NA,9454790,1481240,NA,1892165,NA,NA,1.827,NA,826400,826400,1441372,NA,NA,55.7910939483136,NA,NA,NA,NA,1832542
"419","France",2001,NA,NA,NA,1.99015413560657,NA,9820890,1536890,NA,1929822,NA,NA,1.781,NA,851600,851600,1497185,NA,NA,55.4106019298714,NA,NA,NA,NA,1892165
"420","France",2002,NA,NA,NA,1.5020556300011,NA,10157900,1532310,NA,1958809,NA,NA,1.938,NA,910900,910900,1548555,NA,NA,59.4461956131592,NA,NA,NA,NA,1929822
"421","France",2003,NA,NA,NA,1.01352403424735,NA,10461300,1593830,NA,1978662,NA,NA,2.169,NA,1003400,1003400,1594814,NA,NA,62.9552712648149,NA,NA,NA,NA,1958809
"422","France",2004,NA,NA,NA,3.86412636417943,NA,10890100,1743040,NA,2055120,NA,NA,2.342,NA,1076900,1076900,1660189,NA,NA,61.7828621259409,NA,NA,NA,NA,1978662
"423","France",2005,NA,NA,NA,2.73920744287439,NA,11322300,1945720,NA,2111414,NA,NA,1.9,NA,1145400,1145400,1726068,NA,NA,58.8676685237341,NA,NA,NA,NA,2055120
"424","France",2006,NA,NA,NA,2.28088854199129,NA,11849400,2159570,NA,2159573,NA,NA,1.912,NA,1149900,1149900,1806430,NA,NA,53.246711150831,NA,NA,NA,NA,2111414
"425","France",2007,NA,NA,NA,3.13409178573727,NA,12428100,2277110,NA,2227256,NA,NA,1.607,NA,1208800,1208800,1894646,NA,NA,53.0848312114918,NA,NA,NA,NA,2159573
"426","France",2008,NA,NA,NA,2.13213029844797,NA,12791700,2548320,NA,2274744,NA,NA,3.159,NA,1314100,1314100,1950085,NA,NA,51.5673070885917,NA,NA,NA,NA,2227256
"427","France",2009,NA,NA,NA,-1.90667609190309,NA,NA,2379940,NA,2231372,NA,NA,0.337,NA,1428000,1428000,NA,NA,NA,60.0015126431759,NA,NA,NA,NA,2274744
"476","Germany",1999,NA,NA,NA,1.93168560720931,NA,3935130,2012,1508538,1999.917,NA,NA,0.635,NA,708.3,NA,NA,NA,NA,35.2037773359841,NA,NA,NA,1478795,1962.017
"477","Germany",2000,NA,NA,NA,3.22428380777804,NA,4033900,2062.5003,1556928,2064.4,NA,NA,1.4,NA,715.6,NA,NA,NA,NA,34.6957525291027,NA,NA,NA,1508538,1999.917
"478","Germany",2001,NA,NA,NA,1.15079441968611,NA,4132980,2113.1591,1576223,2088.157,NA,NA,1.904,NA,697.3,NA,NA,NA,NA,32.9979886512095,NA,NA,NA,1556928,2064.4
"479","Germany",2002,NA,NA,NA,0.00627347464772221,NA,4191700,2143.1822,1576223,2088.288,NA,NA,1.355,NA,719.4,NA,NA,NA,NA,33.566908123817,NA,NA,NA,1576223,2088.157
"480","Germany",2003,NA,NA,NA,-0.231146278674221,NA,4232020,2163.7975,1572784,2083.461,NA,NA,1.031,NA,767.713,NA,NA,NA,NA,35.4798912559978,NA,NA,NA,1576223,2088.288
"481","Germany",2004,NA,NA,NA,1.17621592148835,NA,4324140,2210.8977,1589449,2107.967,NA,NA,1.79,NA,812.123,NA,NA,NA,NA,36.7327262586595,NA,NA,NA,1572784,2083.461
"482","Germany",2005,NA,NA,NA,0.732079771647265,NA,4387320,2243.2011,1601942,2123.399,NA,NA,1.92,NA,886.254,NA,NA,NA,NA,39.5084506690015,NA,NA,NA,1589449,2107.967
"483","Germany",2006,NA,NA,NA,3.17589864175314,NA,4540460,2321.5003,1647840,2190.836,NA,NA,1.784,NA,918.911,NA,NA,NA,NA,39.5826354190004,NA,NA,NA,1601942,2123.399
"484","Germany",2007,NA,NA,NA,2.51648229260428,NA,4738780,2428.2,NA,2245.968,NA,NA,2.276,NA,939.988,NA,NA,NA,NA,38.7113087884029,NA,NA,NA,1647840,2190.836
"485","Germany",2008,NA,NA,NA,1.24810326772242,NA,4866140,2495.8,NA,2274,NA,NA,2.754,NA,966.197,NA,NA,NA,NA,38.7129177017389,NA,NA,NA,NA,2245.968
"486","Germany",2009,NA,NA,NA,-5.29683377308706,NA,NA,2355.86,NA,2153.55,NA,NA,0.135,NA,1029.953,NA,NA,NA,NA,43.7187693666007,NA,NA,NA,NA,2274
"516","Greece",1999,44393.3,NA,NA,3.42,NA,42987400,123459,NA,NA,NA,NA,2.145,NA,NA,NA,NA,NA,NA,103.561,NA,NA,NA,NA,NA
"517","Greece",2000,48823.3,NA,NA,4.477,NA,46437800,136281,NA,NA,NA,NA,2.897,NA,NA,NA,NA,NA,NA,108.926,NA,NA,NA,NA,NA
"518","Greece",2001,155597.2,NA,NA,4.197,NA,49895300,146428,NA,NA,NA,NA,3.654,NA,NA,NA,NA,NA,NA,109.684,NA,NA,NA,NA,NA
"519","Greece",2002,171939.1,NA,NA,3.439,NA,53366600,156615,NA,NA,NA,NA,3.915,NA,NA,NA,NA,NA,NA,109.199,NA,NA,NA,NA,NA
"520","Greece",2003,183679,NA,NA,5.582,NA,58755900,171410,NA,NA,NA,NA,3.435,NA,NA,NA,NA,NA,NA,106.407,NA,NA,NA,NA,NA
"521","Greece",2004,202212,NA,NA,4.916,NA,63315800,185851,NA,NA,NA,NA,3.022,NA,NA,NA,NA,NA,NA,108.282,NA,NA,NA,NA,NA
"522","Greece",2005,216698,NA,NA,2.898,NA,66571000,197645,NA,NA,NA,NA,3.484,NA,NA,NA,NA,NA,NA,108.991,NA,NA,NA,NA,NA
"523","Greece",2006,227325,NA,NA,4.497,NA,71714200,213207,NA,NA,NA,NA,3.314,NA,NA,NA,NA,NA,NA,106.103,NA,NA,NA,NA,NA
"524","Greece",2007,240708,NA,NA,4.036,NA,77158400,228180,NA,NA,NA,NA,2.991,NA,NA,NA,NA,NA,NA,105.03,NA,NA,NA,NA,NA
"525","Greece",2008,262381,NA,NA,2.933,NA,81487300,242946,NA,NA,NA,NA,4.236,NA,NA,NA,NA,NA,NA,107.872,NA,NA,NA,NA,NA
"526","Greece",2009,58968,NA,NA,-0.753,NA,NA,246293,NA,NA,NA,NA,1.133,NA,NA,NA,NA,NA,NA,100,NA,NA,NA,NA,NA
"579","Ireland",1999,39850,NA,NA,10.7,NA,71363.1,90612.445,74709,125835,NA,NA,NA,NA,NA,NA,NA,NA,NA,43.9785064844018,90378,NA,NA,67719,121087
"580","Ireland",2000,36512,NA,NA,9.4,NA,82560.5,104830.211,81716,132198,NA,NA,NA,NA,NA,NA,NA,NA,NA,34.8296542110365,104830,NA,NA,74709,125835
"581","Ireland",2001,36183,NA,NA,5.7,NA,92090.3,116930.561,86691,135774,NA,NA,NA,NA,NA,NA,NA,NA,NA,30.9440061610583,116931,NA,NA,81716,132198
"582","Ireland",2002,36361,NA,NA,6.5,NA,102587,130258.62,92412,137910,NA,NA,NA,NA,NA,NA,NA,NA,NA,27.9144673880316,130258,NA,NA,86691,135774
"583","Ireland",2003,37611,NA,NA,4.4,NA,110072,139762.61,96537,140407,NA,NA,NA,NA,NA,NA,NA,NA,NA,26.9106308189293,139763,NA,NA,92412,137910
"584","Ireland",2004,37846,NA,NA,4.6,NA,117424,149097.724,100745,145597,NA,NA,NA,NA,NA,NA,NA,NA,NA,25.3833519282964,149098,NA,NA,96537,140407
"585","Ireland",2005,38182,NA,NA,6.2,NA,127657,162090.954,106840,149627,NA,NA,NA,NA,NA,NA,NA,NA,NA,23.5559104674034,162091,NA,NA,100745,145597
"586","Ireland",2006,35917,NA,NA,5.4,NA,139209,176758.968,112934,156993,NA,NA,NA,NA,NA,NA,NA,NA,NA,20.3197610884445,176759,NA,NA,106840,149627
"587","Ireland",2007,37559,NA,NA,6,NA,149441,189750.928,NA,163591,NA,NA,NA,NA,NA,NA,NA,NA,NA,19.7938425892705,189751,NA,NA,112934,156993
"588","Ireland",2008,50398,NA,NA,-3,NA,143192,181816.335,NA,165294,NA,NA,NA,NA,NA,NA,NA,NA,NA,27.7191815575867,181815,NA,NA,NA,163591
"589","Ireland",2009,73266,NA,NA,-7.5,NA,NA,165120,NA,154788,NA,NA,NA,NA,NA,NA,NA,NA,NA,44.3713662790698,165120,NA,NA,NA,165294
"638","Italy",1999,1102305,NA,NA,1.464,NA,2182350,1127090,1046091,125835,NA,NA,1.657,NA,NA,NA,NA,NA,NA,97.8009741901711,NA,NA,NA,1026365,121087
"639","Italy",2000,1132902,NA,NA,3.693,NA,2306210,1191060,1083598,132198,NA,NA,2.575,NA,NA,NA,NA,NA,NA,95.1171225630951,NA,NA,NA,1046091,125835
"640","Italy",2001,1145139,NA,NA,1.818,NA,2417720,1248650,1103028,135774,NA,NA,2.323,NA,NA,NA,NA,NA,NA,91.7101669803388,NA,NA,NA,1083598,132198
"641","Italy",2002,1142936,NA,NA,0.454,NA,2507910,1295230,1106823,137910,NA,NA,2.61,NA,NA,NA,NA,NA,NA,88.2419338650278,NA,NA,NA,1103028,135774
"642","Italy",2003,1157175.7,NA,NA,-0.017,NA,2585610,1335350,1107193,140407,NA,NA,2.812,NA,NA,NA,NA,NA,NA,86.6571086232074,NA,NA,NA,1106823,137910
"643","Italy",2004,1184244,NA,NA,1.532,NA,2694380,1391530,1120504,145597,NA,NA,2.274,NA,NA,NA,NA,NA,NA,85.1037347380222,NA,NA,NA,1107193,140407
"644","Italy",2005,1213031.53,NA,NA,0.656,NA,2767860,1429480,1121559,149627,NA,NA,2.206,NA,NA,NA,NA,NA,NA,84.8582372611019,NA,NA,NA,1120504,145597
"645","Italy",2006,1256946.05,NA,NA,2.036,NA,2876090,1485380,1151143,156993,NA,NA,2.217,NA,NA,NA,NA,NA,NA,84.621177745762,NA,NA,NA,1121559,149627
"646","Italy",2007,1288577.6,NA,NA,1.564,NA,2991370,1544920,NA,163591,NA,NA,2.038,NA,NA,NA,NA,NA,NA,83.4073997359087,NA,NA,NA,1151143,156993
"647","Italy",2008,1356207.5,NA,NA,-1.04,NA,3039610,1572240,NA,165294,NA,NA,3.5,NA,NA,NA,NA,NA,NA,86.2595723299242,NA,NA,NA,NA,163591
"648","Italy",2009,1477901.11,NA,NA,-5.145,NA,NA,1521490,NA,154788,NA,NA,0.75,NA,NA,NA,NA,NA,NA,97.135118206495,NA,NA,NA,NA,165294
"692","Japan",1999,489370000,NA,NA,-0.141010782108641,NA,NA,497629000,NA,489130000,NA,101.7376,NA,NA,NA,NA,NA,NA,NA,98.3403298441208,NA,NA,NA,481312300,489820700
"693","Japan",2000,535587000,NA,NA,2.86013943123504,NA,NA,502990000,NA,503119800,NA,99.9742,NA,NA,NA,NA,NA,NA,NA,106.480645738484,NA,NA,NA,NA,489130000
"694","Japan",2001,607312000,NA,NA,0.18438948337951,NA,NA,497720000,NA,504047500,NA,98.7447,NA,NA,NA,NA,NA,NA,NA,122.018805754239,NA,NA,NA,NA,503119800
"695","Japan",2002,643194500,NA,NA,0.262257029347435,NA,NA,491312000,NA,505369400,NA,97.2184,NA,NA,NA,NA,NA,NA,NA,130.913655681115,NA,NA,NA,NA,504047500
"696","Japan",2003,670121200,NA,NA,1.4135402737087,NA,NA,490294000,NA,512513000,NA,95.6647,NA,NA,NA,NA,NA,NA,NA,136.677422118158,NA,NA,NA,NA,505369400
"697","Japan",2004,751106500,NA,NA,2.74426209676633,NA,NA,498328000,NA,526577700,NA,94.6352,NA,NA,NA,NA,NA,NA,NA,150.725325488433,NA,NA,NA,NA,512513000
"698","Japan",2005,813183000,NA,NA,1.93409253753054,NA,NA,501734000,NA,536762200,NA,93.4742,NA,NA,NA,NA,NA,NA,NA,162.074525545409,NA,NA,NA,NA,526577700
"699","Japan",2006,832263100,NA,NA,2.0394692472756,NA,NA,507365000,NA,547709300,NA,92.634,NA,NA,NA,NA,NA,NA,NA,164.036364353079,NA,NA,NA,NA,536762200
"700","Japan",2007,838005000,NA,NA,2.33731652904197,NA,NA,515805000,NA,560511000,NA,92.0241,NA,NA,NA,NA,NA,NA,NA,162.46546660075,NA,NA,NA,NA,547709300
"701","Japan",2008,846691000,NA,NA,-0.705249317140966,NA,NA,507371000,NA,556558000,NA,91.1623,NA,NA,NA,NA,NA,NA,NA,166.87808329605,NA,NA,NA,NA,560511000
"702","Japan",2009,869963000,NA,NA,-5.36936455859048,NA,NA,479289380,NA,526674372,NA,91.003,NA,NA,NA,NA,NA,NA,NA,181.511011155724,NA,NA,NA,NA,556558000
"745","Netherlands",1999,189.7,NA,NA,4.68448579737009,NA,NA,386.193,339125,402.113,NA,96.041,NA,NA,NA,NA,NA,NA,NA,49.1205174614765,NA,NA,NA,323975,384.119
"746","Netherlands",2000,179.7,NA,NA,3.94093202656964,NA,NA,417.96,352541,417.96,NA,100,NA,NA,NA,NA,NA,NA,NA,42.9945449325294,NA,NA,NA,339125,402.113
"747","Netherlands",2001,180.2,NA,NA,1.92578237151881,NA,NA,447.731,359326,426.009,NA,105.099,NA,NA,NA,NA,NA,NA,NA,40.247380681704,NA,NA,NA,352541,417.96
"748","Netherlands",2002,188.1,NA,NA,0.0762894680628845,NA,NA,465.214,359553,426.334,NA,109.12,NA,NA,NA,NA,NA,NA,NA,40.4330050256441,NA,NA,NA,359326,426.009
"749","Netherlands",2003,202.8,NA,NA,0.335652328925207,NA,NA,476.945,360759,427.765,NA,111.497,NA,NA,NA,NA,NA,NA,NA,42.5206260679953,NA,NA,NA,359553,426.334
"750","Netherlands",2004,214.9,NA,NA,2.23650836323683,NA,NA,491.184,368824,437.332,NA,112.314,NA,NA,NA,NA,NA,NA,NA,43.7514251278543,NA,NA,NA,360759,427.765
"751","Netherlands",2005,220.5,NA,NA,2.04650014176873,NA,NA,513.407,374401,446.282,NA,115.041,NA,NA,NA,NA,NA,NA,NA,42.948382082831,NA,NA,NA,368824,437.332
"752","Netherlands",2006,211.6,NA,NA,3.39426640554628,NA,NA,540.216,385709,461.43,NA,117.074,NA,NA,NA,NA,NA,NA,NA,39.1695173782339,NA,NA,NA,374401,446.282
"753","Netherlands",2007,216,NA,NA,3.61311574886765,NA,NA,568.664,NA,478.102,NA,118.942,NA,NA,NA,NA,NA,NA,NA,37.9837654572823,NA,NA,NA,385709,461.43
"754","Netherlands",2008,299.7,NA,NA,1.99580842581708,NA,NA,595.883,NA,487.644,NA,122.196,NA,NA,NA,NA,NA,NA,NA,50.2951082678982,NA,NA,NA,NA,478.102
"755","Netherlands",2009,290.23,NA,NA,-4.17271616179016,NA,NA,574.992,NA,467.296,NA,123.047,NA,NA,NA,NA,NA,NA,NA,50.4754848763113,NA,NA,NA,NA,487.644
"809","New Zealand",1999,36712,NA,NA,4.329,NA,NA,109639,60453,NA,NA,NA,-0.15,NA,NA,NA,NA,NA,NA,33.4844352830653,NA,NA,NA,57449,NA
"810","New Zealand",2000,36041,NA,NA,3.83,NA,NA,115906,61766,NA,NA,NA,2.639,NA,NA,NA,NA,NA,NA,31.0950252791055,NA,NA,NA,60453,NA
"811","New Zealand",2001,36761,NA,NA,2.614,NA,NA,124644,64000,NA,NA,NA,2.63,NA,NA,NA,NA,NA,NA,29.4927954815314,NA,NA,NA,61766,NA
"812","New Zealand",2002,36202,NA,NA,4.926,NA,NA,131006,66930,NA,NA,NA,2.648,NA,NA,NA,NA,NA,NA,27.6338488313512,NA,NA,NA,64000,NA
"813","New Zealand",2003,36086,NA,NA,4.135,NA,NA,139938,69243,NA,NA,NA,1.748,NA,NA,NA,NA,NA,NA,25.7871343023339,NA,NA,NA,66930,NA
"814","New Zealand",2004,35527,NA,NA,4.536,NA,NA,149946,71790,NA,NA,NA,2.317,NA,NA,NA,NA,NA,NA,23.6931962173049,NA,NA,NA,69243,NA
"815","New Zealand",2005,35045,NA,NA,2.813,NA,NA,157355,73178,NA,NA,NA,3.038,NA,NA,NA,NA,NA,NA,22.271297384894,NA,NA,NA,71790,NA
"816","New Zealand",2006,35461,NA,NA,1.954,NA,NA,166108,74565,NA,NA,NA,3.362,NA,NA,NA,NA,NA,NA,21.3481590290654,NA,NA,NA,73178,NA
"817","New Zealand",2007,31211.8,NA,NA,3.193,NA,NA,178098,NA,NA,NA,NA,2.377,NA,NA,NA,NA,NA,NA,17.5250704668216,NA,NA,NA,74565,NA
"818","New Zealand",2008,31913.9,NA,NA,0.194,NA,NA,179912,NA,NA,NA,NA,3.959,NA,NA,NA,NA,NA,NA,17.7386166570323,NA,NA,NA,NA,NA
"819","New Zealand",2009,43356,NA,NA,-2.175,NA,NA,178753,NA,NA,NA,NA,1.53,NA,NA,NA,NA,NA,NA,24.2546978232533,NA,NA,NA,NA,NA
"873","Norway",1999,258785,NA,NA,2.02577059008238,NA,1233039,1240430,1428546,1832542,86.314,67.689,NA,NA,NA,NA,NA,NA,NA,20.8625234797611,NA,NA,NA,1398708,1796156
"874","Norway",2000,285908,NA,NA,3.25356799462169,NA,1469075,1481240,1469075,1892165,100,78.283,NA,NA,NA,NA,NA,NA,NA,19.3019362156031,NA,NA,NA,1428546,1832542
"875","Norway",2001,278681,NA,NA,1.99015413560657,NA,1526233,1536890,1509127,1929822,101.134,79.639,NA,NA,NA,NA,NA,NA,NA,18.1327876425769,NA,NA,NA,1469075,1892165
"876","Norway",2002,291027,NA,NA,1.5020556300011,NA,1522176,1532310,1529905,1958809,99.495,78.227,NA,NA,NA,NA,NA,NA,NA,18.9926973001547,NA,NA,NA,1509127,1929822
"877","Norway",2003,339832,NA,NA,1.01352403424735,NA,1563689,1593830,1534486,1978662,101.903,80.551,NA,NA,NA,NA,NA,NA,NA,21.3217218900385,NA,NA,NA,1529905,1958809
"878","Norway",2004,320754,NA,NA,3.86412636417943,NA,NA,1743040,NA,2055120,NA,84.815,NA,NA,NA,NA,NA,NA,NA,18.4019873324766,NA,NA,NA,1534486,1978662
"879","Norway",2005,334132,NA,NA,2.73920744287439,NA,NA,1945720,NA,2111414,NA,92.152,NA,NA,NA,NA,NA,NA,NA,17.1726661595707,NA,NA,NA,NA,2055120
"880","Norway",2006,269363,NA,NA,2.28088854199129,NA,NA,2159570,NA,2159573,NA,100,NA,NA,NA,NA,NA,NA,NA,12.472992308654,NA,NA,NA,NA,2111414
"881","Norway",2007,265348,NA,NA,3.13409178573727,NA,NA,2277110,NA,2227256,NA,102.238,NA,NA,NA,NA,NA,NA,NA,11.6528406620673,NA,NA,NA,NA,2159573
"882","Norway",2008,349973,NA,NA,2.13213029844797,NA,NA,2548320,NA,2274744,NA,112.027,NA,NA,NA,NA,NA,NA,NA,13.7334793118604,NA,NA,NA,NA,2227256
"883","Norway",2009,515352,NA,NA,-1.90667609190309,NA,NA,2379940,NA,2231372,NA,106.658,NA,NA,NA,NA,NA,NA,NA,21.653991277091,NA,NA,NA,NA,2274744
"931","Portugal",1999,NA,NA,NA,2.02577059008238,NA,22893500,114193,137341,1832542,NA,NA,2.17,6719410,62956.06,NA,NA,NA,NA,29.3507327407343,NA,NA,NA,132300,1796156
"932","Portugal",2000,NA,NA,NA,3.25356799462169,NA,24513000,122270,142770,1892165,NA,NA,2.8,7417901,66175.53,NA,NA,NA,NA,54.122458493498,NA,NA,NA,137341,1832542
"933","Portugal",2001,NA,NA,NA,1.99015413560657,NA,25924000,129308,145636,1929822,NA,NA,4.41,7831943,72450.09,NA,NA,NA,NA,56.0290855940854,NA,NA,NA,142770,1892165
"934","Portugal",2002,NA,NA,NA,1.5020556300011,NA,27152000,135434,146782,1958809,NA,NA,3.68,7791675,79474.75,NA,NA,NA,NA,58.6815349173767,NA,NA,NA,145636,1929822
"935","Portugal",2003,NA,NA,NA,1.01352403424735,NA,27783200,138582,145636,1978662,NA,NA,3.26,8391725,83377,NA,NA,NA,NA,60.1643792123075,NA,NA,NA,146782,1958809
"936","Portugal",2004,NA,NA,NA,3.86412636417943,NA,28895100,144128,147841,2055120,NA,NA,2.51,NA,90739.07,NA,NA,NA,NA,62.9572810279751,NA,NA,NA,145636,1978662
"937","Portugal",2005,NA,NA,NA,2.73920744287439,NA,29896600,149124,148905,2111414,NA,NA,2.13,NA,101758,NA,NA,NA,NA,68.2371717496848,NA,NA,NA,147841,2055120
"938","Portugal",2006,NA,NA,NA,2.28088854199129,NA,31164200,155446,150708,2159573,NA,NA,3.04,NA,108557.15,NA,NA,NA,NA,69.8359237291407,NA,NA,NA,148905,2111414
"939","Portugal",2007,NA,NA,NA,3.13409178573727,NA,32714500,163179,NA,2227256,NA,NA,2.42,NA,112804.13,NA,NA,NA,NA,69.1290729812047,NA,NA,NA,150708,2159573
"940","Portugal",2008,NA,NA,NA,2.13213029844797,NA,33325400,166228,NA,2274744,NA,NA,2.65,NA,118462.7,NA,NA,NA,NA,71.2651899800274,NA,NA,NA,NA,2227256
"941","Portugal",2009,NA,NA,NA,-1.90667609190309,NA,NA,160077,NA,2231372,NA,NA,-0.58,NA,128224,NA,NA,NA,NA,80.1014511766213,NA,NA,NA,NA,2274744
"973","Spain",1999,294737,NA,NA,4.74529072551599,NA,NA,579942,NA,520582,NA,111.403,NA,NA,NA,NA,NA,NA,NA,50.8218063185629,NA,NA,NA,NA,496998
"974","Spain",2000,305300,NA,NA,5.05280628219953,NA,NA,630263,NA,546886,NA,115.246,NA,NA,NA,NA,NA,NA,NA,48.4400956426127,NA,NA,NA,NA,520582
"975","Spain",2001,306922,NA,NA,3.64500096912337,NA,NA,680678,NA,566820,NA,120.087,NA,NA,NA,NA,NA,NA,NA,45.0906302245702,NA,NA,NA,NA,546886
"976","Spain",2002,311961,NA,NA,2.70385660350729,NA,NA,729206,NA,582146,NA,125.262,NA,NA,NA,NA,NA,NA,NA,42.7809151323494,NA,NA,NA,NA,566820
"977","Spain",2003,309135,NA,NA,3.09767652788133,NA,NA,782929,NA,600179,NA,130.449,NA,NA,NA,NA,NA,NA,NA,39.4844232363343,NA,NA,NA,NA,582146
"978","Spain",2004,319154,NA,NA,3.26652548656317,NA,NA,841042,NA,619784,NA,135.699,NA,NA,NA,NA,NA,NA,NA,37.9474509001929,NA,NA,NA,NA,600179
"979","Spain",2005,319162,NA,NA,3.61545312560505,NA,NA,908792,NA,642192,NA,141.514,NA,NA,NA,NA,NA,NA,NA,35.1193672479511,NA,NA,NA,NA,619784
"980","Spain",2006,312457,NA,NA,4.01733437974936,NA,NA,984284,NA,667991,NA,147.35,NA,NA,NA,NA,NA,NA,NA,31.7445981037993,NA,NA,NA,NA,642192
"981","Spain",2007,307168,NA,NA,3.56531749679263,NA,NA,1052730,NA,691807,NA,152.171,NA,NA,NA,NA,NA,NA,NA,29.1782318353234,NA,NA,NA,NA,667991
"982","Spain",2008,358425,NA,NA,0.855729994059029,NA,NA,1088500,NA,697727,NA,156.007,NA,NA,NA,NA,NA,NA,NA,32.9283417547083,NA,NA,NA,NA,691807
"983","Spain",2009,445558,NA,NA,-3.76723274289228,NA,NA,1047320,NA,671442,NA,155.981,NA,NA,NA,NA,NA,NA,NA,42.5426803651224,NA,NA,NA,NA,697727
"1037","Sweden",1999,1374179,NA,NA,4.59540284999616,NA,1988329.29678,2123970,46328.09241,2155182,4291.84366,98.55177,NA,NA,NA,NA,NA,NA,NA,64.6986068541458,NA,NA,NA,44334.55556,2060494
"1038","Sweden",2000,1279205,NA,NA,4.39893243354854,NA,2105179.93871,2249990,48302.71656,2249987,4358.30547,100.00013,NA,NA,NA,NA,NA,NA,NA,56.8538082391477,NA,NA,NA,46328.09241,2155182
"1039","Sweden",2001,1156827,NA,NA,1.05773944471679,NA,NA,2326180,NA,2273786,NA,102.30426,NA,NA,NA,NA,NA,NA,NA,49.7307603022982,NA,NA,NA,48302.71656,2249987
"1040","Sweden",2002,1160329,NA,NA,2.41130871594777,NA,NA,2420760,NA,2328614,NA,103.95712,NA,NA,NA,NA,NA,NA,NA,47.9324261802079,NA,NA,NA,NA,2273786
"1041","Sweden",2003,1228740.5,NA,NA,1.91259693534438,NA,NA,2515150,NA,2373151,NA,105.98356,NA,NA,NA,NA,NA,NA,NA,48.8535673816671,NA,NA,NA,NA,2328614
"1042","Sweden",2004,1257326,NA,NA,4.12704459176849,NA,NA,2624960,NA,2471092,NA,106.22672,NA,NA,NA,NA,NA,NA,NA,47.8988632207729,NA,NA,NA,NA,2373151
"1043","Sweden",2005,1308572,NA,NA,3.29833935766051,NA,NA,2735220,NA,2552597,NA,107.1544,NA,NA,NA,NA,NA,NA,NA,47.8415630186969,NA,NA,NA,NA,2471092
"1044","Sweden",2006,1269957,NA,NA,4.24645958606078,NA,NA,2900790,NA,2660992,NA,109.0116,NA,NA,NA,NA,NA,NA,NA,43.7796944970163,NA,NA,NA,NA,2552597
"1045","Sweden",2007,1167998,NA,NA,2.55972208860455,NA,NA,3063870,NA,2729106,NA,112.26643,NA,NA,NA,NA,NA,NA,NA,38.1216565977016,NA,NA,NA,NA,2660992
"1046","Sweden",2008,1118877,NA,NA,-0.155069095887073,NA,NA,3156880,NA,2724874,NA,115.85416,NA,NA,NA,NA,NA,NA,NA,35.442493854692,NA,NA,NA,NA,2729106
"1047","Sweden",2009,1088724.87227,NA,NA,-4.82778286262043,NA,NA,3089170,NA,2593323,NA,119.12014,NA,NA,NA,NA,NA,NA,NA,35.2432812784664,NA,NA,NA,NA,2724874
"1101","UK",1999,421632,1019735,928730,3.47324115733441,91.08,NA,NA,NA,NA,NA,NA,NA,NA,NA,NA,NA,NA,NA,45.3987703638302,NA,NA,985506,NA,NA
"1102","UK",2000,426240,1059658,976533,3.91503674974381,92.16,NA,NA,NA,NA,NA,NA,NA,NA,NA,NA,NA,NA,NA,43.6482945276811,NA,NA,1019735,NA,NA
"1103","UK",2001,425956,1085745,1021828,2.46183202504959,94.11,NA,NA,NA,NA,NA,NA,NA,NA,NA,NA,NA,NA,NA,41.6856848706436,NA,NA,1059658,NA,NA
"1104","UK",2002,434544,1108508,1075564,2.09653279545381,97.03,NA,NA,NA,NA,NA,NA,NA,NA,NA,NA,NA,NA,NA,40.401500979951,NA,NA,1085745,NA,NA
"1105","UK",2003,448006,1139746,1139746,2.81802206208706,100,NA,NA,NA,NA,NA,NA,NA,NA,NA,NA,NA,NA,NA,39.3075299233338,NA,NA,1108508,NA,NA
"1106","UK",2004,497145,1171178,1202960,2.75780744130709,102.51,NA,NA,NA,NA,NA,NA,NA,NA,NA,NA,NA,NA,NA,41.3268105340161,NA,NA,1139746,NA,NA
"1107","UK",2005,484000,1195276,1254060,2.05758646422662,104.79,NA,NA,NA,NA,NA,NA,NA,NA,NA,NA,NA,NA,NA,38.5946445943575,NA,NA,1171178,NA,NA
"1108","UK",2006,531000,1229196,1325800,2.83783829006856,107.54,NA,NA,NA,NA,NA,NA,NA,NA,NA,NA,NA,NA,NA,40.0512897872982,NA,NA,1195276,NA,NA
"1109","UK",2007,574000,1266347,1398880,3.02238210993202,110.6,NA,NA,NA,NA,NA,NA,NA,NA,NA,NA,NA,NA,NA,41.0328262610088,NA,NA,1229196,NA,NA
"1110","UK",2008,613900,1275299,1446110,0.70691524518951,113.14,NA,NA,NA,NA,NA,NA,NA,NA,NA,NA,NA,NA,NA,42.451819017917,NA,NA,1266347,NA,NA
"1111","UK",2009,769900,NA,1400980,-4.4,NA,NA,NA,NA,NA,NA,NA,NA,NA,NA,NA,NA,NA,NA,54.9543890705078,NA,NA,1275299,NA,NA
"1165","US",1999,5656.270901615,10779.8,9353.5,4.82617785773325,NA,NA,NA,NA,NA,NA,NA,NA,NA,NA,NA,NA,NA,NA,60.4722392859892,NA,NA,10283.5,NA,NA
"1166","US",2000,5674.178209887,11226,9951.5,4.13922336221453,NA,NA,NA,NA,NA,NA,NA,NA,NA,NA,NA,NA,NA,NA,57.0183209555042,NA,NA,10779.8,NA,NA
"1167","US",2001,5807.4634122,11347.2,10286.2,1.07963655799039,NA,NA,NA,NA,NA,NA,NA,NA,NA,NA,NA,NA,NA,NA,56.4587837316016,NA,NA,11226,NA,NA
"1168","US",2002,6228.235965597,11553,10642.3,1.81366328257191,NA,NA,NA,NA,NA,NA,NA,NA,NA,NA,NA,NA,NA,NA,58.5234015729401,NA,NA,11347.2,NA,NA
"1169","US",2003,6783.231062744,11840.7,11142.1,2.49026226954039,NA,NA,NA,NA,NA,NA,NA,NA,NA,NA,NA,NA,NA,NA,60.8792872326043,NA,NA,11553,NA,NA
"1170","US",2004,7379.05269633,12263.8,11867.8,3.57326847230315,NA,NA,NA,NA,NA,NA,NA,NA,NA,NA,NA,NA,NA,NA,62.1770900784476,NA,NA,11840.7,NA,NA
"1171","US",2005,7932.709661724,12638.4,12638.4,3.05451817544318,NA,NA,NA,NA,NA,NA,NA,NA,NA,NA,NA,NA,NA,NA,62.7667241242879,NA,NA,12263.8,NA,NA
"1172","US",2006,8506.973899215,12976.2,13398.925,2.67280668439043,NA,NA,NA,NA,NA,NA,NA,NA,NA,NA,NA,NA,NA,NA,63.4899732569217,NA,NA,12638.4,NA,NA
"1173","US",2007,9007.653,13254.1,14077.65,2.14161310707295,NA,NA,NA,NA,NA,NA,NA,NA,NA,NA,NA,NA,NA,NA,63.9854876346549,NA,NA,12976.2,NA,NA
"1174","US",2008,10699.805,13312.175,14441.425,0.438166303257104,NA,NA,NA,NA,NA,NA,NA,NA,NA,NA,NA,NA,NA,NA,74.0910609583196,NA,NA,13254.1,NA,NA
"1175","US",2009,11909.829,12948.73,14266.201,-2.73016993842103,NA,NA,NA,NA,NA,NA,NA,NA,NA,NA,NA,NA,NA,NA,83.4828347084133,NA,NA,13312.175,NA,NA
